feature,value,0,1,100000,105000,2,3,4,60000,62000,65000,67000,69000,70000,72000,74000,75000,77000,79000,80000,82000,84000,85000,87000,89000,90000,94000,95000
attn_0_0_outputs,0,-0.67175186,-0.119670235,0.5005565,-0.7874862,-0.5296029,-0.26971075,0.017501667,-2.9516504,-2.712256,0.27182966,0.6920956,-3.134379,0.32318982,0.866823,0.79317755,-0.16739923,0.8827524,1.1923949,0.5452978,0.731633,1.233259,1.2979004,0.41279456,0.6744667,1.5026516,-0.8451687,1.2000413
attn_0_0_outputs,1,-0.21744876,-0.516257,0.45877972,0.12898907,-0.5177324,-0.045373756,-0.08476193,-2.5872805,-1.3698702,0.16524562,0.83241177,-1.7427318,-0.18976673,1.2220136,0.42238724,-0.34443066,0.6613708,0.9981035,0.32806534,0.74383247,0.7936297,0.9762132,-0.50339675,0.65053105,1.2602917,-0.96677303,1.0892605
attn_0_0_outputs,2,-0.31338522,-0.20568255,1.0106095,-0.79716176,-1.2073338,-0.20744915,-0.010407289,-4.028344,-3.4505055,0.39460778,0.6869077,-2.4288833,0.120069906,0.8532585,0.45007175,-0.19002262,0.91415733,1.1428038,0.68395567,0.6329511,1.0570928,1.3984435,0.261693,0.5110821,1.5955757,-0.6291533,1.6812642
attn_0_0_outputs,3,-0.5456807,-0.22346543,1.2520696,0.5660807,-0.5469032,-0.9259468,-0.17790231,-2.9252458,-2.037044,0.1623366,0.693921,-2.1840916,0.2150522,1.1015334,0.34854764,0.0063307583,0.7147604,0.69416314,0.656876,0.83727634,0.6308361,1.1108446,-0.67955035,0.4063571,1.3626537,-0.68169075,1.1782178
attn_0_0_outputs,4,-0.36968288,-0.0974756,0.62900263,0.14989607,-0.59568703,-0.114826225,-0.78170234,-4.271,-3.0362356,0.19396122,0.77783126,-2.5322697,0.14336438,1.0432259,0.71493065,-0.36469084,0.94421005,1.1348648,0.5200009,0.47662306,0.9482135,1.1503803,-0.88660264,0.75107014,1.4454391,0.426565,1.3384987
attn_0_0_outputs,60000,0.14244658,0.1402526,-1.9303156,-1.094864,0.03850842,0.11579552,-0.09091097,2.613776,1.4141563,1.3600426,-0.53925365,1.377405,1.1816448,-1.559957,-1.1467017,0.7384636,-3.0127928,-1.8542571,1.6272417,-2.7559092,-3.1225035,-1.8776762,-0.6363725,-1.8957518,-2.7573,-1.1710181,-3.575451
attn_0_0_outputs,62000,0.64973587,0.34193012,-2.0980728,-0.86488146,0.26457915,0.19084094,0.5500493,0.073316336,2.2101967,0.10219184,0.6006479,0.9888169,-0.5036944,0.54953265,-0.5567056,-0.18112406,0.4592137,-1.5707895,-0.09699845,-0.04081359,-3.0766525,-1.244578,-0.71370226,-1.5618123,-2.6150641,-0.5258528,-3.252822
attn_0_0_outputs,69000,0.2859308,0.4591645,-2.0462809,-0.85263735,0.009557493,0.37520248,0.40746433,0.16489735,0.2184648,0.2148012,-0.5812744,1.9311976,-0.74410427,-1.6514403,0.49439454,0.5165495,-2.991095,0.6263537,-0.1796048,-2.7613773,0.76810414,-1.0760471,-0.47156623,0.25524464,-2.7269895,-0.003651502,-3.3921714
attn_0_0_outputs,75000,0.71089965,0.063319445,0.23166884,-0.9414126,0.24805392,0.52099806,0.34471065,0.26538745,0.8461143,-0.53015953,-0.43890774,0.53089136,-0.47703657,-1.0412823,-0.54162735,1.2709793,-3.0364227,-1.4537627,0.009671134,-3.3001153,-2.9070737,0.5167969,-0.31092465,-2.1321166,0.7185264,-0.67180693,0.11775249
attn_0_0_outputs,80000,-0.116551206,-0.09943295,-0.15455537,-0.35293466,-0.12734628,-0.1757556,-0.09345908,-0.48756927,0.19345546,-0.23100612,-0.19404802,-0.55168,-0.9534582,-1.3460485,-0.06656709,-0.18619011,-2.6162298,-1.4843321,1.0199051,-2.3416896,-2.8111224,0.37676752,-0.32581568,-1.784869,0.57149935,-0.5952518,0.35396677
attn_0_0_outputs,</s>,0.9420586,1.2634622,-2.7525902,-0.99733496,1.2423308,1.7350628,0.9913056,1.267292,0.9425418,0.6690137,-0.7367012,1.2346433,0.4765608,-0.3934415,-0.70876837,0.055995055,-0.80641127,-0.26577643,0.3113045,-1.5295103,-0.8243695,-1.5158287,-0.73364574,-1.9536138,-0.83347917,-1.0293115,-1.508912
attn_0_0_outputs,<pad>,0.28646156,0.023286784,-0.44276795,-0.42459935,0.37815142,-0.1333306,0.029274467,0.23284107,0.45262662,-0.02208646,-0.13309576,0.44850942,0.21389194,-0.08016327,0.57423127,0.5760867,-0.25575942,0.2041858,0.0217912,-0.45426974,0.3518054,0.34430343,-0.47452915,-0.20092756,-0.14208399,-0.6515195,0.4837204
attn_0_0_outputs,<s>,1.2187371,1.1883594,-3.117975,-2.6016238,1.50268,0.8627717,1.0290796,3.3597312,2.2470775,1.0657878,-0.5477484,2.688403,1.0617081,-1.4327013,-0.20272508,1.9718391,-0.98569685,-0.9886417,0.65950173,-1.9516577,-1.1363227,-2.3544097,-0.47724417,-1.5992212,-1.8360246,-0.96703744,-1.8480463
attn_0_1_outputs,0,-0.46279386,-0.2501747,0.6387234,-0.37922966,-0.38692045,-0.3282293,-0.36349148,-2.8388686,-2.6290097,0.80288446,0.6362641,-2.9670653,0.64539135,0.8103918,0.94291604,0.18014103,0.7252956,0.7819894,0.67784417,0.2258796,0.7369309,1.1851743,0.7298905,0.69399166,0.9763055,-0.6071852,1.0742983
attn_0_1_outputs,1,-0.053433836,-0.15353039,0.50938493,0.5802321,-0.16114141,-0.17138167,-0.46858916,-2.1344001,-1.5314517,-0.043415174,0.71051425,-1.4020334,0.08404933,1.1494687,0.95536786,-0.72718126,1.1475092,0.8870141,0.6163277,1.019729,0.56564784,0.8683056,-0.45089406,0.4978368,0.9915108,-0.66525936,0.868477
attn_0_1_outputs,2,-0.22280316,-0.60963506,0.26569045,-0.81408405,-1.1247375,-1.1020347,0.81314886,-3.8428664,-3.3783782,0.56333715,0.8152509,-2.157649,0.4534026,0.8479927,1.0176946,0.095737986,0.7332708,1.1725438,0.75375575,0.5173609,0.8799535,1.117382,0.54279727,0.6664403,1.122185,-0.7902905,0.8163675
attn_0_1_outputs,3,0.13227019,-0.3162877,0.5686457,0.25702786,-0.32885164,-0.6712941,-0.27067068,-2.9392238,-2.1590772,0.09447584,0.97561747,-1.9204894,0.08542826,1.042137,0.93714714,-0.5795838,1.0379676,0.740791,0.73157436,0.2439561,0.79000735,1.05417,-0.53638124,0.24573012,0.9880325,-0.7868387,1.0951558
attn_0_1_outputs,4,-0.36305118,-0.29102644,0.68711305,0.15447587,-0.04393618,-0.2597681,-0.31451216,-4.3971972,-2.936011,0.5612158,0.73679304,-2.962418,0.52652574,1.2721783,1.0693024,-0.01998117,0.90662897,0.8798522,0.794675,0.5070039,0.67240304,1.0695523,-0.2951729,0.8180258,1.093159,0.52041703,0.86489826
attn_0_1_outputs,60000,0.3836459,0.27136546,-2.051701,-1.4164946,-0.841585,0.040334895,0.59874207,5.091248,1.4010421,1.5020103,-3.2284932,1.5534884,1.1602328,-2.0533662,-2.2600136,0.8027293,-2.906651,-2.347918,1.6712263,-3.0175905,-2.8705764,-1.8364159,-1.362688,-2.349591,-2.8582666,-1.1161413,-3.411419
attn_0_1_outputs,62000,1.014528,0.46409088,-1.941129,-0.86422944,-0.42465028,0.5809384,1.0830857,-1.1154039,2.9942946,0.3630326,0.45328048,0.5395924,-0.18929765,0.5796442,-1.1114665,-0.1278714,0.2711416,-1.5951002,-0.37895232,0.07456562,-3.1746342,-1.5747379,-0.034925487,-1.825364,-2.1164794,-0.61196744,-3.1564488
attn_0_1_outputs,69000,0.66783005,0.76420724,-1.8046067,-0.6810466,-0.5074686,0.8698834,1.3613452,-1.2400821,-0.35913378,0.43124813,-2.1768844,3.3422692,-0.5245874,-1.8316406,0.6834622,-0.3325045,-2.9003139,0.55506736,-0.86384755,-3.1380203,0.4223078,-1.2738426,-0.8777913,0.30873108,-2.4153752,-0.23377974,-3.369047
attn_0_1_outputs,75000,0.6311906,0.14126359,-0.667591,-0.97504765,1.3902055,0.68446326,0.15974398,-0.6921689,0.399663,-0.04481724,-1.4153281,0.5649095,-0.071854845,-1.4098457,-1.6996003,2.7858512,-2.3592386,-1.2014694,-0.07755587,-3.182714,-2.372425,0.010124716,-0.35468167,-2.470154,0.011574414,-1.1069102,-0.005830016
attn_0_1_outputs,80000,-0.33862,-0.33939257,-0.18844678,-0.30948073,0.134425,-0.342367,-0.59513116,-1.917918,-0.63700044,-0.34166512,-0.93418854,-1.9293427,-0.5642235,-0.38195148,-0.5854177,-2.8374166,-1.8461931,-1.4322833,1.2709426,-3.047876,-1.661871,0.45908228,-0.5555741,-2.0859032,0.403331,-0.97568923,0.3204304
attn_0_1_outputs,</s>,2.343878,1.5599475,-1.818743,-1.5907665,1.0437806,1.9614037,1.6294996,1.3766934,0.41537467,0.17641439,-0.5156279,0.48067695,0.49549314,-0.43292978,-0.48429382,-0.50459117,-1.1940546,-0.66507536,0.05910254,-1.4202503,-0.6451096,-0.3439154,-1.6184591,-1.407191,-0.2033716,-0.6506248,-0.56668717
attn_0_1_outputs,<pad>,0.19194242,0.21383291,-0.5146164,-0.2678567,-0.052346848,0.13130163,0.31298912,0.621026,0.7364954,0.024527308,-0.28306535,0.42388436,0.15881094,-0.052606076,0.18299003,0.22405425,-0.09988851,0.34657928,-0.0627052,-0.46700606,-0.115639165,0.46077824,-0.022167785,-0.2082303,0.09868234,-0.3752236,-0.14601402
attn_0_1_outputs,<s>,0.7389929,0.8798294,-1.4226973,-2.3237145,1.7070731,0.32413363,-0.012647377,1.7719545,1.2825161,0.63623923,-0.775295,2.347612,0.3411024,-0.32799554,0.03371884,0.46106273,-0.62514246,-0.7856412,-0.25007468,-1.3279119,-0.59570086,-0.34057313,-1.2842407,-0.7379328,-0.8032301,-2.12824,-1.0405782
attn_0_2_outputs,0,-0.42419332,-0.029779969,0.95661193,-0.59085625,-0.3869806,-0.3325703,-0.12035356,-3.340223,-2.710255,0.35135663,0.40906513,-3.2780752,0.36994678,0.90126926,0.81509453,-0.6128724,0.9013679,0.95387805,0.69951373,0.8465668,0.9350065,1.4348073,0.011960082,0.8963636,1.4009488,-0.7620413,1.4284791
attn_0_2_outputs,1,-0.09991442,-0.7953024,0.65901434,0.39801836,-0.6678152,-0.14944749,-0.32550976,-2.848387,-1.6878446,-0.23290119,0.65758467,-1.891548,0.15624167,0.81851834,0.59292686,-0.75384843,0.7430184,0.8575495,0.5706512,0.88493806,0.92943335,1.0722085,-1.0758022,0.52036697,0.9933371,-0.7602215,1.2337096
attn_0_2_outputs,2,-0.07207124,-0.30327213,1.1054858,-0.7913289,-1.6287475,-0.4747399,-0.23689099,-4.10727,-3.3232853,0.06262727,0.51113564,-2.518865,0.43389615,1.0331334,0.7459172,-0.36565223,0.78671366,0.99354553,0.66833085,0.56316537,1.0614096,1.5469809,0.06926724,0.5765984,1.5725605,-0.59368104,1.4490314
attn_0_2_outputs,3,-0.13423094,-0.38770106,0.8625055,0.802012,-0.63491166,-1.2052219,-0.3923997,-3.7213647,-2.4758222,-0.07710683,0.7620241,-2.6539223,-0.0073194625,1.117748,0.57284814,-0.72397983,1.1382141,0.8879778,0.6853572,0.6544862,0.94392705,1.1996901,-0.72470784,0.2956439,1.3404526,-0.75863373,1.2285193
attn_0_2_outputs,4,-0.1772883,-0.45980552,1.0948257,0.34995815,-0.78132755,-0.2510697,-0.706991,-4.9878826,-3.3826773,0.02410208,0.8412206,-3.3542902,0.18983975,1.3675122,0.8872489,-0.7397174,1.1419635,1.0103635,0.8988271,1.1637527,1.0098648,1.4036996,-0.4692248,0.98888963,1.5577065,0.38475135,1.4225261
attn_0_2_outputs,60000,0.44187623,0.3648871,-1.6990373,-1.1304296,0.33757764,0.41942537,0.0360194,2.672758,1.8357912,1.5773557,-0.6944159,1.4578891,1.1101006,-1.6787533,-0.70593077,0.24047352,-2.8231332,-1.7930617,1.8232442,-2.974943,-2.9093592,-1.8681993,-0.95396066,-1.7235665,-2.792399,-1.2314924,-3.2893715
attn_0_2_outputs,62000,0.7618757,0.5812666,-2.032309,-0.4648457,0.08082076,0.23954439,0.4670936,0.6747933,1.6562333,0.3660366,0.18091348,1.2178001,-0.27418354,0.83610773,-0.4459388,0.3940064,0.5603756,-1.2832731,0.09228728,0.46512568,-2.4392831,-1.4409813,-0.056764793,-1.8170929,-2.5101807,-0.6018976,-3.3135333
attn_0_2_outputs,69000,0.19867784,0.57330966,-1.8258511,-0.74497515,0.20229417,0.40643612,0.42590865,0.5651729,0.6321703,0.43325377,-0.45583114,1.7632009,-0.50581485,-1.4756508,0.4814877,0.521658,-2.8159003,0.7581545,0.02202916,-2.8295062,0.82796264,-1.2475835,-0.90012974,-0.13915943,-2.5726209,0.6984309,-3.5007646
attn_0_2_outputs,75000,0.5646944,0.041022085,-1.0779647,-0.78591895,0.31717324,0.68968713,0.49468064,-0.325496,0.7777064,-0.61126864,-0.6372566,-0.3748799,-0.6377262,-1.3591732,-0.8375975,1.00793,-2.4714193,-1.1461184,-0.4356328,-3.5453067,-2.4424667,0.5883169,-0.6711939,-2.4449842,0.49188474,-0.62478065,0.51959133
attn_0_2_outputs,80000,-0.25946525,-0.40218356,0.24163611,-1.1885656,-0.287068,-0.2821342,0.053949174,-0.009004029,0.40271857,-0.16411181,-0.03610437,-0.00475047,-0.8281859,-1.5767962,-0.2474459,0.2590714,-2.6101449,-0.8047348,1.6822587,-2.4636567,-2.5546906,0.091768615,-0.39485288,-2.0895348,0.6218346,-0.80732065,0.42560557
attn_0_2_outputs,</s>,0.930861,0.94755346,-1.8821995,-1.2882186,1.6037725,1.3412049,0.67751914,0.8706368,1.0767891,1.2505288,-0.72996163,1.0733895,0.30289188,-1.0392442,-0.9163276,-0.21049277,-0.8148429,0.02671607,-0.4987307,-1.4199251,-0.3218353,-0.80782104,-0.4531327,-0.8373015,-0.7160646,-0.8412499,-0.52782035
attn_0_2_outputs,<pad>,-0.20802596,-0.09422877,-0.3160702,-0.8112844,0.057958845,-0.22587375,-0.049530115,0.4662768,0.5690789,0.4261518,-0.024730649,0.24938129,0.12410605,0.28809926,0.41208836,0.6371098,0.01915282,0.4710194,0.45349577,-0.23760438,0.3637891,0.0666452,-0.5205674,-0.64931494,0.59725004,-0.18190686,0.36540112
attn_0_2_outputs,<s>,1.1831447,1.7700685,-4.1068892,-2.5358016,1.2955605,1.645912,1.3075513,3.6177833,3.4134228,1.2274983,0.15810986,3.4990585,-0.12469116,-1.1245091,0.233013,3.3165572,-1.4831504,-1.5509971,1.1093018,-1.744455,-1.4413686,-4.1382694,-0.7534078,-2.3316278,-4.189194,-0.8697185,-4.0908523
attn_0_3_outputs,0,-0.93126154,0.29601443,0.67134637,-0.8891242,-0.09220854,-0.06485735,-0.036301438,-3.0552876,-3.1612678,0.41263703,0.78394717,-3.6842656,0.1812897,0.939286,1.0387037,-0.36253163,1.0464159,1.0598706,0.86886054,0.8898237,1.539384,1.2869614,0.24281193,0.7268137,1.3811122,-0.64045686,1.5506098
attn_0_3_outputs,1,0.30647415,-1.0800437,0.3031656,0.33835304,-0.05984932,0.2512556,-0.08825323,-1.3486202,-1.0085508,-0.15572377,0.27759796,-1.115247,-0.051643766,0.44387755,0.29065192,-0.34675395,0.26347637,0.29458615,0.120787345,0.4994163,0.3719817,0.78853965,-1.1776471,0.053920962,0.9024992,-0.643746,0.83841413
attn_0_3_outputs,2,0.13352142,0.14937556,0.78704256,-0.36226872,-1.0611882,-0.7011492,0.01610912,-4.6778665,-3.9223835,0.34949574,0.6651422,-3.0961027,0.3220581,0.8610672,0.58016014,0.021743761,0.71686566,0.8888521,0.8909313,0.7485108,1.1499205,1.511837,-0.38088334,0.64245844,1.7998632,-1.0067114,1.6350148
attn_0_3_outputs,3,0.13017009,0.10738951,0.12851611,0.32837436,-0.40617758,-0.951416,0.115102135,-3.5680556,-2.4244235,0.15911612,0.9577729,-2.476014,0.05889082,1.1637664,0.75410116,-0.1341626,0.89331347,0.6428395,0.533813,0.8168343,0.9730932,0.9639339,-0.3498542,0.70287967,1.2706294,-0.5081589,1.3178307
attn_0_3_outputs,4,-0.016895773,0.1053255,0.8499383,0.49573925,-0.29684454,-0.07352692,-1.1282189,-4.1453867,-3.2226498,0.22506939,0.91375834,-2.9134972,0.12246249,0.8908428,0.47462732,-0.08677529,1.2794623,0.7999757,0.6829345,1.0196849,1.1125576,1.2298981,-0.8155347,0.59510994,1.2031999,0.12653917,1.4743599
attn_0_3_outputs,60000,0.9589099,0.73987633,-1.7409307,-0.70917904,1.9171422,0.5698569,-0.5691069,2.1662037,1.0050988,1.0679538,-0.74187344,1.3191564,1.0326092,-1.7608256,-0.820158,0.6607268,-2.872177,-1.8931029,1.4043294,-2.6212337,-2.7342098,-1.2095425,-1.058092,-1.7372304,-2.4222002,-0.9822246,-3.3399014
attn_0_3_outputs,62000,0.47274715,0.34183282,-2.0536714,-0.9481516,-0.0005711374,0.06279057,0.4117508,0.14584453,1.7936747,0.759919,0.55728567,0.9951988,0.28147894,0.58776724,-0.54706854,0.18108551,0.4995369,-1.3898681,0.016376227,-0.118489206,-2.3678257,-1.1560577,-0.41982666,-2.0541222,-2.189162,-0.7924275,-2.9818032
attn_0_3_outputs,69000,0.13256283,0.44860896,-2.1724892,-0.52219665,-0.24222262,0.19690165,0.23269466,0.21393457,0.5086471,0.61587423,-0.58736324,2.1175737,0.055781636,-1.398171,0.21284585,0.3190937,-2.7774389,0.6272828,-0.2471496,-2.2723496,0.7259934,-1.049238,-0.63106495,0.5415337,-1.8362582,-0.114917554,-3.8683202
attn_0_3_outputs,75000,0.41871637,-0.32317653,-1.0927423,-1.0412662,0.44976032,0.3093501,0.3759659,-0.30631664,1.0347745,-0.37739578,-0.46559978,0.6742991,-0.13825157,-1.2952803,-0.47272867,0.5370736,-2.6362426,-1.3586959,-0.42397547,-2.5919812,-2.5402853,0.22063598,-0.55123997,-2.098471,0.30028236,-0.27859738,0.46856818
attn_0_3_outputs,80000,-0.2139068,-0.64277905,-0.48288995,-0.79875284,-0.45461658,-0.80746794,-0.04440705,0.03629924,0.59007615,0.4950087,-0.3163699,0.5433809,-0.57881624,-1.1990317,0.04363055,-0.6612456,-2.2286432,-1.2243458,0.5122749,-2.598755,-2.9032145,-0.27129602,-0.6397349,-1.9491837,0.07304532,-0.73787206,0.11502581
attn_0_3_outputs,</s>,1.3892034,1.4413478,-0.856023,-0.76453835,1.1938524,1.8246261,0.8082631,0.5947412,0.4667748,-0.067504406,-0.52545404,0.4335799,0.097384125,-0.7095706,-0.69944805,-0.4124238,-0.79894036,-0.516164,-0.49861258,-0.639191,-0.1834784,-0.0016207269,-0.4353362,-0.69430643,-0.0125349155,-0.42723787,-0.09196074
attn_0_3_outputs,<pad>,-0.033173814,0.10358983,-0.20002098,-0.59743583,0.20326383,0.08749958,0.5652812,0.44411856,0.90893143,-0.2078457,0.4241759,0.5437346,-0.07060363,-0.20519608,0.39382768,0.05717165,0.08314366,0.107144594,-0.37802854,-0.12209499,0.003358393,-0.037682187,-0.5669021,-0.5279528,0.012557765,-0.6066916,-0.10179954
attn_0_3_outputs,<s>,0.8066972,0.52704483,-3.8413723,-2.511496,1.4058084,0.23329084,0.22893924,3.1920676,3.2562647,0.8427502,-0.77390695,3.116223,0.7488015,-1.1755263,-0.6869759,1.9985844,-0.8872087,-1.3340551,1.2775187,-2.865093,-1.2935793,-2.728261,-0.7319548,-2.719749,-2.9045868,-1.2696851,-2.245433
attn_1_0_outputs,0,0.832789,-0.7631568,0.4328602,-0.90484107,-1.0006269,-0.36664113,-0.1618527,-2.8989844,-2.4183807,0.03451756,0.50626725,-1.934086,0.29064128,0.45911288,0.8643447,0.14705776,0.48292756,0.55170643,0.62488925,0.52892023,0.5758161,1.0672714,-0.08044554,0.3683237,1.0212572,-0.56693834,0.9208347
attn_1_0_outputs,1,-0.8332028,0.5669875,0.51668596,0.6273183,-0.80466884,-0.58736753,-0.96789557,-2.8083267,-2.283016,0.08892514,0.82153463,-2.038477,0.12943374,0.7594092,0.93367535,-0.10300199,1.0538939,1.1869692,0.92806876,0.8363007,0.88245183,1.0084789,-0.61657584,0.88216835,0.94777995,-0.46437368,1.0796467
attn_1_0_outputs,2,-0.5616562,-0.43196186,0.33852288,-0.94469416,0.761422,-1.6520844,-0.374985,-3.4791229,-2.7190568,0.2906632,0.4965207,-2.2939954,0.43209496,0.5849759,0.6495861,0.38467285,0.41270643,0.5290756,0.74501175,0.3231294,0.52465117,0.8900686,0.010391129,0.16102043,1.1481391,-0.28570777,0.8727779
attn_1_0_outputs,3,-0.8564892,-0.4668364,0.5754792,0.5206895,-0.98705566,0.4441816,-0.32926568,-2.8424094,-2.977477,0.012543845,1.1182672,-3.0830214,0.11767775,0.8835074,0.7707568,-0.06670687,1.0856997,0.84472173,0.6622316,1.0261282,1.005218,1.0080348,-0.6397091,0.73472226,1.1598161,-0.91420174,1.1843483
attn_1_0_outputs,4,-0.3117205,-1.2421631,0.4803294,0.42004097,-0.5440359,-0.31954935,1.291031,-4.0216765,-2.862735,0.46830487,0.832782,-2.4667242,0.5349425,0.7515832,0.81562614,0.41029015,0.7205245,0.83666855,0.76215714,0.28719747,0.8229144,1.008031,-0.66918445,0.530303,1.1968758,0.19949807,1.1629355
attn_1_0_outputs,60000,0.51617175,0.37845984,-2.0535831,-0.93658644,0.5423962,0.5773128,0.20917124,2.9150395,1.439379,1.2458328,-0.0013037192,1.5888735,1.3036153,-1.3232731,0.027210405,0.8528323,-2.493919,-1.600858,1.6652682,-2.620619,-2.9363525,-1.1635753,-0.5051406,-2.0031462,-2.321634,-0.79925287,-3.1017878
attn_1_0_outputs,62000,0.13208666,-0.34921002,-2.4349263,-0.680098,0.31163457,0.16962683,0.41386405,1.3758074,1.8384212,1.1862496,0.0062424825,1.449893,0.5464666,0.444308,-0.14298955,0.57433534,0.7837118,-1.0791726,-0.40264833,-0.36933678,-3.218016,-0.89075154,-0.85255134,-1.581059,-1.5054244,-0.44740266,-3.3023553
attn_1_0_outputs,69000,0.40464744,0.1691572,-2.2491934,-0.80708987,0.22196212,0.3820775,0.50577813,1.3277874,1.0879755,0.8482928,-0.28956816,2.2433128,0.3205028,-1.1594979,0.5524051,0.5160579,-2.3637452,0.34224966,0.16113365,-3.155023,0.9634722,-0.57872677,-0.59031695,0.3389781,-2.1757276,-0.014632641,-2.8270617
attn_1_0_outputs,75000,0.35515472,0.19492346,-1.3466221,-0.36437225,0.30761236,0.5420398,0.40119895,1.2859209,1.3248364,0.8877771,0.11977537,0.81362295,0.14207377,-1.0723289,-0.052707553,1.0361388,-2.275257,-1.3870602,-0.19620466,-2.9833999,-2.5956202,-0.053788994,-0.6490988,-2.0467486,0.03819749,-0.54155594,0.19112052
attn_1_0_outputs,80000,0.02541458,0.05721143,0.35935354,-1.7979227,0.012694355,0.08300071,0.40008143,1.3743818,0.7298928,0.76995355,-0.15489747,0.7374375,0.7411851,-0.9161561,-0.1343997,0.1005545,-2.7439814,-1.1150649,0.35840422,-3.1635413,-2.5137749,-0.3108777,-0.619704,-1.6700846,-0.057475768,-0.46944177,-0.38824278
attn_1_0_outputs,</s>,1.1997064,1.6183591,-1.1243386,-0.7192932,0.6271289,1.3784257,0.9448131,-1.0940342,0.139582,0.6252915,-0.40807083,0.01008386,0.119019054,-0.42566484,-0.31206664,-0.38936508,-0.40800914,-0.2524667,-0.5134976,-0.57738644,-0.1627362,-0.54326147,-1.2454897,-0.5201878,-0.2953386,0.11347685,-0.24165396
attn_1_0_outputs,<pad>,0.10734053,0.12124253,-0.19964987,-0.39629012,0.0010167328,0.19886453,0.16446368,0.2905484,0.25632563,0.27403465,0.07152633,0.6227628,0.27028832,0.31607395,0.17808071,-0.024361255,-0.2593023,-0.12555157,0.43522564,-0.22948554,-0.31739938,0.24487409,-0.3802315,-0.34036124,0.43969455,-0.49845397,0.054051556
attn_1_0_outputs,<s>,0.08507464,0.9503042,0.3137902,-1.156865,0.5157761,1.0182891,0.46153823,2.0705788,1.8144534,0.41017452,-0.91449577,1.5447875,0.24775049,-0.40840214,-0.6334759,0.10608838,-0.5464439,-0.2982705,0.274705,-0.4060448,-0.49716258,0.70164615,-0.04605214,-1.0707797,0.49500793,-0.81089294,0.31202722
attn_1_1_outputs,0,0.9516146,-0.5729273,0.38835797,-1.1831815,-0.7933051,-0.6604258,-0.13200721,-3.046567,-2.5140305,0.5342403,0.39429894,-2.3106515,0.26125622,0.7905549,0.72666025,0.23933463,0.27579054,0.97182167,0.4512098,0.7010782,0.930324,0.85134315,-0.11195034,0.52898633,1.0721042,-1.3908097,1.1027256
attn_1_1_outputs,1,-1.2081894,1.9227655,0.4580829,0.5299569,-0.8216538,-0.55639863,-2.0376096,-2.9434931,-2.3263803,0.20972203,0.641365,-2.4006934,0.35760024,1.0432795,0.9518777,0.33480284,1.1113014,1.0047369,0.7171603,0.5339723,1.2291617,0.9857274,-0.61013925,1.0434527,1.2055424,-0.45280308,1.2490586
attn_1_1_outputs,2,-1.0174036,-0.39200506,0.24461374,-0.5639107,0.96191144,-0.75975287,-0.773803,-3.0831509,-1.6778312,0.009389415,0.10383913,-1.5856041,0.2923166,0.33073816,0.11550369,-0.019748429,0.16268861,0.48042408,0.6205721,0.56164265,0.2965761,0.85602534,0.2047998,0.02674879,1.0589772,-0.54587215,0.96739906
attn_1_1_outputs,3,-0.68932015,-0.5634128,0.9459429,0.30016202,-0.76709515,0.5754936,-0.63326246,-3.2656076,-3.4442413,0.17254785,1.236972,-3.106955,0.58876806,1.16477,1.0316182,0.16268943,1.0048472,1.3585515,0.6346549,1.5991943,1.4197606,1.3309369,-0.96362865,0.7317292,1.2434479,-0.9985137,1.4404142
attn_1_1_outputs,4,-0.45394206,-0.9474021,0.7586386,0.6151598,-0.67017585,-0.636855,0.9083336,-4.1124,-2.8898892,0.21880803,0.7409798,-2.416696,0.12547025,0.9671518,0.90775335,-0.17804451,0.6848246,1.1511562,0.93132186,1.0027033,0.8381831,1.1394352,-0.5210532,0.37813297,1.2054982,0.5852623,1.2906297
attn_1_1_outputs,60000,1.7602289,1.5343637,-2.2631335,-1.0060729,0.9891164,1.4194475,1.2098285,2.5700378,0.5135594,1.0594887,-0.6470205,1.0923741,0.9665559,-0.7857724,-0.47170267,0.858621,-2.7715878,-1.4552006,0.9902905,-3.379333,-2.4099193,-1.1479664,-0.8895517,-1.8602319,-1.9055802,-1.044318,-3.7564557
attn_1_1_outputs,62000,1.4147388,0.96151376,-2.2038655,-0.83368194,0.5525353,0.99579185,1.4232578,0.34486222,1.5766124,0.6389726,0.19143462,0.7628492,0.018929696,0.33546057,-0.5033985,0.20782381,0.080533296,-0.8704949,-0.013777821,-0.260674,-3.327846,-1.1373956,-0.6293725,-1.9015702,-2.0134988,-0.44888246,-3.8043637
attn_1_1_outputs,69000,0.23861875,0.39710638,-2.4335015,-0.71472317,0.044750802,-0.009554329,0.15287428,0.993102,0.87067413,0.7903538,-0.6700878,1.9989624,0.31048822,-0.44701362,0.57876223,0.082063295,-2.6873121,0.35407344,-0.4367124,-3.3588538,0.41680464,-0.70017225,-0.89941424,0.12854168,-2.173156,-0.05890898,-2.8517296
attn_1_1_outputs,75000,0.8668721,0.5341307,-0.5085819,-0.7603541,0.7303932,0.3391131,1.3382951,0.77149165,0.984859,0.8081492,-0.08456293,0.806946,-0.6278252,-1.0126072,-0.26102784,0.5766137,-1.8936278,-1.2326102,-0.20826991,-3.5464375,-2.3877103,0.17757021,-0.550883,-1.8788801,0.23830566,-1.1411104,0.39826944
attn_1_1_outputs,80000,-0.12013501,-0.593046,-0.91196495,-0.61249745,0.2980033,-0.20979609,0.30431023,0.8939643,0.55717057,0.52775127,-0.575473,0.4103758,0.26905933,-0.8521333,-0.007269096,-0.8019853,-2.090045,-1.3736756,0.085745916,-2.4673057,-2.4772222,0.12421683,-0.5256848,-1.9059303,0.03759794,-0.72856426,0.04985165
attn_1_1_outputs,</s>,-1.0730644,-0.8576304,-0.0072625247,-0.5473025,-1.3707894,-1.3046434,-1.2732079,1.9428701,1.4589665,-0.10235603,-0.45107397,1.458739,-0.08583623,-0.2505024,-0.2570719,-0.24366145,-0.36740053,-0.051074326,0.0037672406,-0.539964,0.056337252,0.18436728,-0.7613142,-0.5672002,0.4237444,-0.5438048,0.4308443
attn_1_1_outputs,<pad>,0.38578513,0.69035494,-0.5036852,-0.14348775,0.26731646,0.29676482,0.20514643,0.731284,0.88567483,0.076582566,0.053326756,0.52476275,-0.010425858,0.17757715,-0.054350857,0.15625894,-0.28949687,0.081209175,0.23677793,-0.5241605,0.26522893,0.124392666,-0.5334363,-0.29747733,-0.12420506,-0.89591795,0.12594983
attn_1_1_outputs,<s>,0.433036,0.29134253,-1.1713414,-2.1536176,0.17566392,0.35097864,0.18439128,1.8711382,1.4506499,0.6129488,-0.6753784,1.155273,0.01618906,-0.44122618,-0.61554533,0.32560292,-1.3776895,-0.2847462,-0.02258868,-1.5979886,0.08988591,0.0009058975,-1.2290586,-1.6598845,-0.2244388,-1.7084498,-0.5999629
attn_1_2_outputs,0,0.28135672,0.27536216,2.1274085,-0.53734636,-0.53683513,0.43634242,0.12388406,-5.437327,-3.1776674,-1.1482867,0.50592816,-2.9303682,-0.6116862,0.9475948,0.8264517,-0.06832972,0.7422859,0.9369815,1.4378619,0.4702476,0.6180735,0.99442613,0.796496,0.6552206,1.7606696,-0.86723876,1.5154135
attn_1_2_outputs,1,0.15535118,0.6542822,0.45986798,-0.16618198,-0.26358896,1.0573866,0.0800363,-6.695545,-4.2829165,-0.43470174,1.0108857,-4.1842036,-0.13543627,1.3573674,0.614439,-2.382532,1.4388298,1.3396428,0.52857035,0.8268541,1.5246857,2.6313577,-0.36604193,1.6105542,2.2824175,-0.7159322,1.9786454
attn_1_2_outputs,2,-0.17184849,-0.94100213,1.6697515,-0.6003427,1.8028411,-1.120399,-0.32675102,-4.889264,-3.3057432,-0.43135437,0.60252774,-3.0503361,-0.47699878,0.7936277,0.3979573,-0.59108025,0.5091464,0.70753497,1.0484377,0.8536373,0.75837827,1.2682678,0.21123277,0.3778696,1.4621367,-0.68740135,1.4854382
attn_1_2_outputs,3,-0.38563615,-0.03445268,1.240009,0.75964034,-0.3785161,-1.3513486,-0.12076184,-6.7216396,-6.109666,-0.64831275,0.7104398,-5.7455645,-0.05555287,1.3576723,1.0535185,-3.289306,1.6531622,1.5913107,0.34507152,1.5486789,2.196812,2.4921854,-0.9034187,0.8344217,2.674696,-0.7747863,3.3060613
attn_1_2_outputs,4,0.22483173,0.17100608,0.9310751,1.2085809,-0.06871955,0.3539463,-0.3264809,-4.287096,-2.1355383,-0.54298925,0.10371758,-2.236612,-0.37633875,0.28413266,-0.017350852,-0.49943402,0.24633114,-0.13839528,0.6248506,0.6451801,-0.17220068,0.39522377,-0.7087668,-0.10503475,0.9186725,1.018988,0.70725745
attn_1_2_outputs,60000,0.17400755,0.13438562,-2.2277312,-0.65177655,-0.12856175,0.18359518,-0.1509436,2.593483,1.3480798,0.934309,-0.68636,1.4577796,1.095349,-0.47795445,-0.44000828,1.716325,-1.6992055,-0.6600984,-0.6800334,-2.9178457,-1.2095978,-1.5590923,-0.7470198,-1.2402352,-1.4470589,-1.1973443,-1.7883385
attn_1_2_outputs,62000,0.22236288,0.36678818,-2.357365,-0.58588356,0.1305574,0.2591701,0.07675074,2.6420157,2.2220912,1.594932,0.24735259,1.2647921,1.0498335,-0.14654632,-0.5759896,1.9992392,-0.48849836,-0.8139433,-0.7681428,-0.7768195,-2.003243,-1.3833987,-0.67058194,-1.6945658,-1.6274751,-0.15281856,-2.3774602
attn_1_2_outputs,69000,0.40966678,0.3337758,-1.9742466,-1.0493383,0.36990744,0.12643836,0.40534738,1.9608247,1.325741,0.65966964,-0.9520063,2.2937207,1.4326063,-0.58653843,-0.6366223,1.069779,-0.72753876,0.10902473,-0.6587287,-2.2205596,0.0975812,-1.7662096,-1.1818523,-0.76501095,-0.9608471,-0.65513504,-1.4123367
attn_1_2_outputs,75000,0.115124,-0.1878171,-1.0592139,-0.9950854,-0.24161054,-0.07151935,0.11811879,2.6299093,1.4541203,1.6704599,-0.34453565,1.5629382,1.1264515,-1.025141,-0.19811791,1.5082496,-1.6878688,-1.0081888,-0.31478658,-2.2465713,-1.7243387,-1.246825,-0.554797,-1.9321777,-1.4947333,-0.84586895,-1.516867
attn_1_2_outputs,80000,-0.25498417,-0.07581929,-1.7878208,-0.9103996,0.20898555,0.4202632,0.11416394,2.2829893,1.3776219,1.3525558,-0.572425,1.7033775,1.2999109,-0.9877877,-0.27557653,1.3335506,-1.4381902,-0.73212093,0.4915693,-2.46039,-0.9119743,-1.0146728,-0.62474084,-2.3080208,-0.95312494,-0.7823877,-1.7519344
attn_1_2_outputs,</s>,1.6079345,0.80856264,-2.2682533,-1.0563483,0.27548403,1.2001537,1.8065482,1.8666582,1.4681886,0.6576604,-0.9757214,1.6551436,1.5923698,-0.053663515,-0.724671,1.3965049,-0.6259037,-0.052527208,-0.93118083,-1.5036167,-0.8036927,-1.6161946,-1.2617196,-0.92759603,-0.86250365,-0.79302615,-1.544334
attn_1_2_outputs,<pad>,0.4161532,0.19842237,-0.2749945,-0.4247365,0.2617241,0.2786812,0.052533653,0.4447786,0.1169407,-0.009042055,-0.062420815,0.41474622,-0.23153949,0.22672914,0.08013082,0.52944773,-0.19224685,-0.14415438,0.48436838,-0.49738225,-0.23439816,0.24006368,-0.57996756,-0.43041426,0.09435739,-0.35655555,-0.5049418
attn_1_2_outputs,<s>,0.14335768,-0.6549768,-4.6567693,-2.9893754,-1.1239194,0.06444564,-0.11034073,5.154648,4.3920937,2.5491037,-1.0506941,3.89161,2.3046012,-1.121584,-1.5476203,5.1191683,-2.90106,-0.7729099,0.31377396,-2.694976,-1.2256267,-5.1116776,-1.561688,-1.9095765,-4.7578278,-0.8665796,-4.9939294
attn_1_3_outputs,0,-0.102895506,-0.123701036,1.0970393,-0.69193196,-0.69870454,1.0666937,0.73091745,-3.7008975,-2.4795496,-0.32547578,0.49284267,-2.3466196,-0.024911555,0.8489883,0.71812105,-0.15735927,0.69331056,0.8649788,0.6732927,0.57538897,0.76489806,1.1088442,0.50030637,0.5943463,1.3568869,-0.71843565,1.3616029
attn_1_3_outputs,1,-0.16429543,-0.10313677,0.06092379,-0.039356112,-0.73567885,-0.12372582,0.4890019,-2.6322918,-1.5690247,0.0016370687,0.4008745,-1.5614754,-0.030974895,0.6258507,0.70770216,0.14873229,0.7849493,0.7503676,0.5788891,0.3180282,0.85907996,0.81392896,-0.42688337,0.28810313,1.0205348,-0.75250876,1.0208532
attn_1_3_outputs,2,0.35502514,0.29212123,1.1716403,-0.98708487,0.46986365,0.65828204,0.07830619,-4.3798375,-2.9672663,-0.1444307,0.64286923,-2.5535064,-0.14011575,1.1918509,0.96807486,0.010365309,0.9550737,0.8507153,1.0184072,0.8248844,1.0107746,1.2277777,-0.018197654,0.72182167,1.6017761,-0.77341676,1.5875776
attn_1_3_outputs,3,-0.36289957,0.1514831,0.5903225,0.88515985,0.23887308,-0.85242933,-0.20901087,-3.3051221,-3.2559032,0.340604,0.8256962,-3.1452365,0.045925457,1.3801593,1.0577351,0.14785728,1.2171289,1.1507528,0.9102679,0.82057476,1.2013288,1.1034837,-0.3490841,0.93548614,1.35516,-0.9797576,1.338459
attn_1_3_outputs,4,-0.28796083,0.056727197,0.75974727,0.9886433,0.25855616,0.088979594,-0.7527077,-3.8250206,-2.3883882,0.09989391,0.45101392,-2.2057953,0.14314511,0.86569077,0.604007,0.12313529,0.43412387,0.67846584,0.8653334,0.26967192,0.57379454,1.054284,-0.8245014,0.16386758,1.161894,0.40616357,1.286973
attn_1_3_outputs,60000,0.5372401,0.87813497,-1.8907855,-0.8836932,1.1489236,0.893261,0.7385026,2.9081862,1.4590973,0.9703592,-0.01581007,1.590469,1.1021587,-1.4386703,-0.37536225,0.9934268,-3.0393538,-1.7049959,1.899428,-2.8809547,-2.0399668,-1.4598284,-0.44834378,-2.106909,-2.4167323,-1.1595892,-3.4176307
attn_1_3_outputs,62000,0.44445017,0.8136154,-2.5025115,-0.42755386,1.2776711,0.47256747,0.6882443,0.5316708,1.551819,0.7268468,0.40791628,1.020908,-0.39399537,0.19522534,-0.20038305,0.4191449,0.19981329,-1.9177827,0.017701255,0.19119178,-2.4307256,-1.1091628,-0.45589042,-1.8072138,-2.3687222,-0.21332994,-3.554543
attn_1_3_outputs,69000,0.5017827,0.61780375,-2.2331557,-0.908094,1.2957016,0.3570917,0.010047653,0.59816116,0.70734805,0.5651438,-0.42461294,1.9399562,0.19170526,-1.1368084,0.25031316,0.38743237,-2.4166079,0.55390996,0.0019827757,-2.997892,0.71403086,-0.81560266,-0.7066535,0.053162824,-2.0095184,0.4320531,-3.7437024
attn_1_3_outputs,75000,0.53715456,0.47764093,-0.575783,-0.89414585,1.2585146,0.7078195,0.41462755,1.115042,1.2025506,0.5282251,-0.26556805,0.90809876,-0.13953298,-1.232947,-0.065398745,1.0136569,-2.9616828,-1.5001893,-0.11197658,-3.1627302,-2.469662,-0.2832102,-0.69744873,-2.3483357,0.1650596,-0.56315017,0.1299587
attn_1_3_outputs,80000,-0.2870138,0.034843814,-0.004257907,-0.9709365,-0.9808217,-0.23290898,0.63115394,0.12063031,0.5121479,0.24829884,-0.24356031,0.38134813,-0.20848541,-1.1326938,0.32109183,-0.726603,-2.2604883,-0.98840505,0.44549948,-3.0567942,-3.0557177,0.05201138,-0.53484297,-2.3193214,0.054210614,-0.46637958,0.6048413
attn_1_3_outputs,</s>,0.28847587,0.18130578,-0.8583456,-1.3843801,0.86829007,-0.07521669,-0.049672194,1.7116201,2.339914,0.6434765,-0.7658163,2.098405,0.50774044,-0.55286527,-0.7222885,0.260623,-0.129554,0.17680685,-0.79980725,-0.67262536,-0.7484331,-0.29174605,-1.2645992,-1.0267875,-0.48509026,-1.191904,-0.6082475
attn_1_3_outputs,<pad>,0.45279622,0.32405588,-0.3144265,-0.30532444,0.2379709,-0.0012028387,0.3224836,0.19552515,0.23846687,0.26906633,-0.054622084,0.38880318,-0.08681639,0.187307,0.42265818,0.2172689,-0.047182355,-0.07644299,0.15990284,-0.45432633,0.0812122,0.23575017,-0.46308044,-0.19387175,0.31448337,-0.23794667,-0.32549083
attn_1_3_outputs,<s>,0.12289775,-0.15768296,-1.4564959,-1.8395518,-1.105896,0.7143271,0.24889624,2.5138645,1.0836618,0.25327027,-0.7123817,1.2268338,0.24028377,-0.3405598,-0.34852442,0.4951534,-0.74597925,-0.59824926,-0.6834838,-0.64576125,-0.67734313,-0.56923735,-1.3817211,-0.8462262,-0.299834,-0.4703231,-0.4184365
mlp_0_0_outputs,0,-0.11815671,0.28428796,-0.55197877,-0.5020527,0.2181308,0.1257338,0.3091298,-0.011987432,0.49543637,0.30162418,-0.13238543,0.4417735,0.06899155,0.08756265,0.3878375,0.34236002,-0.24934581,0.2119976,-0.09502348,-0.4591559,-0.318846,0.11280833,-0.3174923,-0.27950004,0.048415266,-0.5166044,-0.41270855
mlp_0_0_outputs,1,-1.5938296,-0.58819175,-2.123374,-1.647347,3.3668404,-0.7078474,-1.2342242,-1.4408182,1.8620055,-1.5220724,1.7405112,0.79430246,-1.1305145,1.5755764,0.35772443,-2.2833743,1.2122152,0.12448963,-1.6190151,1.0998626,-0.024924407,-2.214172,1.058648,-0.34172827,-1.8758501,-1.0206237,-2.2737508
mlp_0_0_outputs,10,-3.7916725,-2.5846717,1.8036009,1.1136986,-3.840914,-3.0033877,-2.3372042,-14.560594,-12.310184,-4.4847803,-1.524109,-11.636715,-6.7895617,-1.09889,-1.7427487,2.3014686,-0.53471005,-1.2373657,1.9293034,-1.1092913,-0.68661714,1.9075605,-0.7126706,-0.7887744,2.0310497,-0.4526386,1.5886437
mlp_0_0_outputs,11,0.3919595,0.11405724,-0.3887472,-0.39693826,0.0019459391,0.07994895,0.6002875,0.2616698,-0.5143221,0.34441292,-0.06693025,1.164919,0.06298812,-0.29524687,0.48652938,0.014504715,-0.51815456,0.3601568,0.103757024,-0.29564264,-0.39595056,0.23117645,-0.5002587,-0.37155628,0.19743703,-0.341862,-0.3314529
mlp_0_0_outputs,12,-2.9328456,-0.93151104,-1.936122,-1.442527,-2.9465318,-2.2976584,6.8582625,-1.6375561,-1.5969595,-0.18757927,0.40471944,-0.837974,0.609775,-0.19897905,0.799032,-0.33938083,-0.28353432,0.9188306,0.048496813,-0.19930913,1.1685747,0.46053204,-0.6009664,0.23182718,0.67506015,-1.7101476,0.98492134
mlp_0_0_outputs,2,-0.29597536,-0.26782468,-0.4308577,-0.49035063,0.43437147,0.68834794,0.33106157,0.13150032,0.7631229,0.16702501,0.18309428,-0.088697314,0.17430528,0.23232391,0.3415209,0.016352661,-0.78929806,0.31959933,0.31431463,-0.65217096,-0.2927454,0.0039222836,-0.37648958,-0.6730117,-0.38061655,-0.8145223,-0.619531
mlp_0_0_outputs,3,0.43706536,0.7851897,-0.06861494,-0.35773772,0.39690614,-0.33411437,0.1833513,0.007715989,0.22837204,0.2971286,0.5610971,0.61161715,0.32938516,0.28024516,0.26684153,-0.47737738,-0.26932287,0.13175744,0.24934581,-0.34312204,-0.4618267,0.07248886,-0.40752733,-0.36698827,-0.06499029,-0.64245045,-0.2589796
mlp_0_0_outputs,4,0.51110613,0.39283258,-0.42906106,-0.57597256,-0.58810765,-0.3387268,-0.057166554,0.41907874,0.07806169,0.38409397,-0.06151766,1.1469458,0.53925675,-0.010114964,0.7584047,-0.5059165,-0.303261,0.5194716,-0.088245355,-0.46303242,0.12604277,-0.21825758,-0.66564363,-0.6284656,-0.108239606,-0.45607075,-0.36974868
mlp_0_0_outputs,5,3.9130688,-1.4990082,-0.54921967,-0.6697155,-1.6615006,-2.1424477,-0.75871384,-3.961954,-2.758507,-0.45247462,-0.8534694,1.8104467,-0.0806306,-0.6015002,1.0209398,-1.0387566,-1.0585492,1.1513103,0.050555572,-0.5937959,1.1799026,-0.304967,-1.8115491,0.78886795,-0.17472234,-0.3028824,-0.43924227
mlp_0_0_outputs,6,-1.7523208,-1.0872533,0.47554657,-0.26787016,-2.2421305,-2.0523436,2.8800602,-3.9839156,-3.3724763,0.4893227,0.03315901,-3.4170535,0.9207423,0.051553052,1.3852856,-0.108094655,-0.35636184,1.141858,0.92073166,-0.4575672,0.98800886,0.8573391,-0.75551593,0.4013386,0.8505049,0.24023849,0.47681445
mlp_0_0_outputs,7,1.0245469,-0.61932427,-0.5990445,-0.59913135,-0.7155644,-0.57912797,1.018809,0.29460084,-0.8422924,0.66124034,-0.8749053,0.15637918,0.38963988,-0.24434257,0.13819903,0.27917162,-0.59054816,-0.13026328,0.07759457,-0.94553983,-0.009180277,0.13318008,-0.97419345,-0.51138014,-0.15310083,-0.7498268,-0.377017
mlp_0_0_outputs,8,-1.5242425,0.011929365,-2.013334,-1.6130303,-2.220107,5.484192,-1.5598495,1.3610914,-0.41865775,0.667663,-0.59128016,-2.0245821,1.0164396,-0.8032495,-0.6357702,0.17282726,-0.9766269,-0.6550434,0.04664667,-0.9848911,-0.7298255,-0.1601573,-1.1326768,-1.0551157,0.11182868,-0.86051315,-0.09919906
mlp_0_0_outputs,9,-1.9834396,3.9439738,0.5235756,-0.77517956,-1.7035738,-2.57139,-1.6257201,-3.912078,-3.492855,1.2549081,-0.81378585,-3.0019271,1.6311883,-1.2583764,-0.41559467,0.7296784,-1.5201073,-0.46580058,0.76728994,-1.7389964,-0.60425603,0.70191735,-0.44146952,-1.0675055,0.663783,-0.4134624,0.1773599
mlp_1_0_outputs,0,-0.15580079,0.27139658,-0.34893996,-0.7260257,0.8143748,-0.06319622,0.13518938,-0.30950865,0.52498996,-0.41441083,0.6698178,-0.3841048,-0.44970155,0.35562316,-0.09174309,-0.027175462,-0.50244826,0.86461574,0.13129616,-0.60150653,-0.6409619,0.59369427,-0.47499117,-0.34361425,-0.65805644,-0.20908943,-0.23312026
mlp_1_0_outputs,1,0.8880294,1.4022292,-0.33392867,-1.4060594,0.6486245,0.10489496,0.21230869,-0.5129201,-0.9595281,0.61955243,0.5091736,-1.4702792,0.54376215,0.37436798,0.86049825,-0.6804331,0.004267627,1.3804278,0.09463796,-0.21866848,1.118245,0.34400687,-1.1708025,0.2368656,0.1815077,-0.6293749,0.18712103
mlp_1_0_outputs,10,0.376884,0.21458648,-0.6249735,-0.6948507,-0.012168099,0.1964295,0.46313277,-0.123054296,-0.010323827,0.44447225,-0.13712934,0.6733793,0.043887194,0.13162899,0.055530187,0.5007925,-0.18906032,0.8351698,0.4699763,-0.26594713,-0.12061156,0.44618967,-0.49760014,-0.3607908,0.32243827,-0.055240918,-0.49741524
mlp_1_0_outputs,11,0.34011716,0.07329031,-0.3024753,-0.55487704,-0.40945807,-0.4415658,1.2404335,0.5996386,-1.1457471,0.3863493,0.52757865,-1.8262885,0.5338883,0.2413372,0.2818146,-0.4368778,0.18470642,0.61354846,-0.1895313,-0.37993264,0.04272129,0.1472213,-1.0494082,0.04562742,-0.17072242,-0.53231245,-0.01781457
mlp_1_0_outputs,12,0.2974568,0.42485294,-0.12410422,-0.23803996,0.22593756,0.24932636,0.057738353,0.15290223,0.26570663,0.11453681,0.39812613,0.6364623,-0.21741714,0.04443202,0.2863311,0.019105608,-0.36939976,-0.049569942,0.039231457,-0.46771157,-0.121681154,-0.08020818,-0.34555092,-0.21200776,-0.07627193,-0.4210195,-0.6733365
mlp_1_0_outputs,2,-0.0861788,-0.47358045,-0.23009941,-0.2572018,-0.35703275,-0.98064935,0.024196012,-0.777362,-2.0575798,0.64207774,1.1205002,-2.61779,0.4998296,0.8745573,0.8219904,-0.23169231,0.6726644,1.03167,-0.3201825,0.28139588,0.7374064,0.21485761,0.18622774,0.38395587,0.16592787,0.0026216586,0.09922984
mlp_1_0_outputs,3,0.48995593,-1.0127552,-0.8122131,-0.76988935,-0.583625,1.550022,0.0019655956,-1.3539351,2.1449559,0.006444346,0.37155396,1.8616877,-0.14830272,0.2746054,0.24314111,-1.1812738,-0.108389586,0.57005876,-0.8454943,-0.47933546,0.20736893,-0.12226625,-1.075993,-0.2528694,-0.41246524,-0.43803123,-0.38145825
mlp_1_0_outputs,4,0.18574095,-0.60260653,0.25499472,-0.035388317,0.65651596,-1.4239357,-1.1083728,-0.0075866673,-1.3467735,0.5320304,1.1708388,-3.5371003,0.4370346,0.9635526,-0.35118303,-0.6006626,0.5056253,0.018219087,0.34152186,0.30742007,0.028677274,0.842505,-0.2645184,-0.7480267,0.7611751,-0.65157616,0.6388542
mlp_1_0_outputs,5,-0.22704582,0.13585886,-0.7932234,-0.5165414,-0.121860005,0.8548018,-0.0011940253,0.200629,-0.30897957,0.4298052,-0.7612578,1.704516,0.15624133,0.040885616,-0.018845527,-0.38816595,0.019625502,1.0046815,-0.5220867,-0.487721,0.113227226,0.25039694,-0.59956217,-0.68789876,-0.22928779,-0.22489086,-0.09743151
mlp_1_0_outputs,6,0.035262473,0.7939754,-0.5501053,-0.6036364,0.5660064,-0.63388026,-0.25702673,-2.2676115,-0.7466882,-0.8070338,1.0887552,-1.0917219,-0.23027258,-0.40250358,-0.39962846,1.5156362,-0.63949573,0.66414714,1.5163952,-0.46321326,-0.41860852,0.22725123,-0.3096671,-0.1207513,1.1036726,-0.82176125,0.21357477
mlp_1_0_outputs,7,0.19549954,0.46161252,-0.4579758,-0.41753966,0.08771206,-0.19158785,0.8213415,1.4472183,-0.4878755,0.11045885,-0.9431118,0.52115226,0.012532024,-0.17963548,-0.011512512,2.1229498,-0.42110306,-0.42008868,1.2463391,-0.5229677,0.041321367,-0.21956746,-0.45973626,-0.33006692,-1.4697803,-0.6416388,-0.25510302
mlp_1_0_outputs,8,1.3506397,1.4420254,-2.0518706,-0.83724296,1.065679,1.2349411,1.3023227,-0.8459241,0.50152886,-1.0225118,-1.1978236,-0.25402692,-3.1405098,-2.8488636,-1.5649014,1.3653922,-2.7299273,-2.1685743,2.2053664,-1.4601488,-3.6251197,-0.039628427,-0.5886567,-1.1137277,-0.22550692,-0.7220458,-2.0243657
mlp_1_0_outputs,9,0.018675676,1.0415742,0.009557034,-0.82572514,0.7001201,-0.37477317,0.024871746,-0.2226113,-1.5510135,1.7604374,-0.8011072,-2.6356761,1.6775032,-1.2987632,-0.9750882,0.78096914,-1.6687341,-0.80052626,0.75297487,-1.6154219,-0.9950672,1.1077452,-0.66573083,-1.3387933,0.8248276,-1.0136362,0.90284204
ones,_,0.3649186,0.049931817,-0.40968016,-0.44351095,0.03198053,0.12364164,0.13963382,-0.5172776,-0.57612616,0.60061324,0.56570387,-0.3544409,0.5640938,-0.23269884,0.4384317,0.61988175,-0.38583964,-0.08133362,0.64241767,-1.1268078,-0.62968934,0.29531673,-0.35360637,-0.5620011,0.34102792,-0.5568913,-0.27154234
positions,0,-0.24451949,0.021107094,-0.09740261,0.19189933,0.49055496,0.031590994,0.030284744,-0.18704572,0.12502982,0.20196773,-0.19654033,0.1899947,-0.06005193,0.24365169,-0.41129413,-0.16565946,-0.24828671,0.034308717,0.059310824,0.022148473,0.08869785,-0.26371726,0.16088638,-0.0911521,-0.3323443,0.15094846,-0.13717788
positions,1,-4.4323816,-2.1230543,-0.846395,-1.1531852,-1.5943778,-2.1726522,-2.3646412,0.75069594,0.8027036,2.09812,1.4306611,0.4654989,1.4445285,0.9544974,1.2847842,1.2483256,0.015970523,0.36522767,1.1289153,-0.6109404,0.100298,1.6779552,-0.4671089,-0.88741195,1.2797163,-0.5002778,0.6921223
positions,10,1.8178141,1.3308945,-0.3361367,-0.64853364,2.091765,1.8864113,1.6074272,-3.211608,-2.1785493,-2.7773473,-1.5612601,-2.436889,-2.1491027,-1.7030145,-1.5610132,-2.692063,-0.7608105,-1.5027928,-2.4371862,-0.8145992,-1.4230791,-1.4477469,-0.43217453,-0.49642798,-1.8578366,-0.47094384,-1.0968256
positions,11,0.43999505,-0.066842765,0.13040805,0.15721305,0.19198951,0.105223015,0.03165782,-0.16497913,-0.1825959,-0.22256136,-0.33805472,0.13429913,-0.047629006,0.3137619,-0.15892321,-0.07900908,0.09031405,-0.26583704,0.010715494,-0.4806345,0.21222511,0.16504046,0.18834181,0.26456884,-0.21629022,0.015924063,0.023717431
positions,12,0.0030902338,0.4266209,0.12573142,-0.10997277,0.13326646,0.13698997,-0.04435722,0.06805282,0.1947885,-0.09082426,0.0649098,0.20293576,-0.0205517,0.17088842,-0.08454008,0.022195086,-0.06132264,0.22408758,-0.3689427,-0.13450615,0.0009828237,-0.1807763,-0.1187657,-0.33073923,0.16767703,-0.50195986,-0.18431532
positions,2,-1.9370482,-4.8251324,0.33190924,-0.6391283,-2.4527795,-2.7954826,-2.0424824,1.4530878,1.750688,1.4733727,1.7498127,1.8615038,0.67984855,0.7615213,1.632969,2.0246835,-0.15196016,0.6170478,1.8477482,-0.31741452,-0.06411064,0.3159763,-0.5950436,-0.5833928,0.6983067,-0.4900423,0.08495902
positions,3,-1.8363196,-2.4432216,-0.8329014,-0.7032436,-3.6301143,-2.4098947,-2.53166,1.0464,0.90746135,2.1359446,0.98979056,1.3021791,1.6278507,0.55209935,1.5385557,1.1475052,-0.052038375,1.0858163,1.1788892,-1.0549048,0.7683252,1.6266369,-0.9232157,0.14488204,0.80682707,-0.6519338,0.2794491
positions,4,-1.947169,-2.3672855,-0.12090628,-0.35298026,-2.3066933,-4.4995027,-2.3842092,1.5922074,1.6921313,1.2449933,1.7587501,1.534784,0.24042903,1.273704,1.6233746,2.5086446,0.22611493,0.94674283,2.331872,-0.39364904,0.04456863,0.96494436,-0.65326154,0.121599644,1.0141555,-0.66694367,-0.37769204
positions,5,-2.1703033,-2.1985812,-0.28468794,-0.31744343,-2.0394106,-1.9639758,-3.982088,0.30439714,0.6065505,1.4015772,1.4386795,0.7930931,1.0983584,1.4149958,1.4765719,0.9881774,0.321473,1.0634702,1.3053975,-0.109363064,0.7636431,1.9391762,-0.4210921,0.0024299724,1.5491592,-0.51603687,0.61868715
positions,6,2.302582,2.5235567,-0.51887053,-0.23768924,1.695142,2.8202152,1.8892695,-9.323182,-4.3688426,-3.5913725,-1.8216459,-4.202943,-2.4692914,-1.4987205,-1.8329121,-5.261627,-0.7984819,-1.6827002,-2.711753,-0.984862,-1.592023,-1.6320454,-0.5584333,-0.5204782,-1.9378026,-0.52258736,-1.2680964
positions,7,1.98487,2.2271957,-0.48859406,-0.5972787,1.1699018,2.3049846,2.6124172,-3.9087589,-4.334163,-2.293987,-2.4896367,-2.764344,-1.8071263,-1.9901346,-1.5656626,-2.5528262,-1.4511083,-1.7734888,-2.0805812,-1.2101172,-1.5858418,-1.4492372,-0.41020864,-0.55365914,-2.0479188,-0.4738995,-0.85474944
positions,8,2.042402,2.2540324,-0.52895045,-0.4599096,1.837029,2.1035714,2.0888457,-4.953884,-2.74857,-2.8903968,-1.6850623,-4.2898517,-2.8257744,-1.4182078,-1.8874459,-3.30997,-0.7444612,-1.8944539,-1.5945699,-0.5411765,-1.3601167,-1.4676409,-0.5192714,-0.5651506,-1.4401399,-0.898266,-1.2693368
positions,9,1.6243062,1.2815179,-0.50662553,-0.7128341,2.7469,1.967437,0.9741757,-4.06017,-2.320022,-2.7625487,-1.3609303,-2.7688513,-1.8392774,-1.862798,-1.5759497,-3.7398643,-0.7343725,-1.9729105,-2.1456184,-0.8606468,-1.5816717,-1.6787754,-0.62476796,-0.41443044,-1.8549944,-0.60904664,-1.2113802
tokens,0,3.4261808,-3.3455374,-0.59997475,-0.20211875,-5.539201,-3.7016642,-3.7675314,-3.3362162,-2.9583225,-1.7876545,-1.7299123,-5.4741654,-1.5185839,-1.6095885,-2.2327957,-3.0839095,-0.8338933,-1.7145259,-2.2084525,-0.42635626,-1.7639835,-1.7165408,-0.4067229,-0.87320125,-1.467613,-0.60266525,-0.9036048
tokens,1,-4.1049705,3.6740897,-0.85487396,-0.46156117,-5.3972664,-3.4846466,-4.154226,-3.4374576,-2.1094038,-3.6488798,-1.1158719,-2.1132348,-2.8525221,-1.262012,-1.6415402,-4.9808354,-0.6931586,-1.624171,-2.9799967,-1.3349907,-1.8412127,-1.9041026,-0.6216463,-0.8727625,-1.7418263,-0.4933995,-1.2506948
tokens,2,-5.149254,-4.7445693,-0.69474363,-0.52848434,5.1281705,-6.231493,-5.0434804,-4.946631,-5.2263155,-2.1083152,-2.2445045,-2.3877401,-1.5136333,-2.0662298,-1.4495403,-2.3620732,-1.6281853,-1.6028473,-1.739128,-1.2766868,-1.2315031,-1.3129038,-0.5336787,-0.6572124,-1.6357124,-0.50893396,-1.3783619
tokens,3,-3.6221733,-4.4919524,-0.56036735,-0.5218623,-5.905394,3.4847207,-2.6738675,-7.2319527,-3.6075704,-3.3859215,-1.7885283,-3.6833253,-2.5126817,-1.6405028,-1.6315281,-3.0375896,-0.6008288,-1.7831122,-1.480053,-0.74546915,-1.3230264,-1.407746,-0.52817065,-0.72040135,-1.6885673,-0.77529866,-0.88680416
tokens,4,-2.8338206,-4.4475374,-0.91034645,-0.8168709,-4.1272855,-3.0751998,3.5819242,-5.359255,-2.6261845,-3.0923216,-1.7611887,-2.1493332,-2.2086773,-1.3548326,-1.8784922,-3.3677294,-1.3636686,-1.5220022,-2.033655,-0.925286,-1.6352639,-1.598956,-0.83254725,-0.6383989,-2.253184,-0.6214097,-0.9185208
tokens,60000,-2.4506748,-2.5135028,-10.055658,-6.584018,-3.3249888,-3.4591982,-3.1234787,4.7580423,-3.1074784,3.6991153,-11.404982,-2.956913,2.7142985,-12.877498,-10.734278,6.462562,-10.935941,-11.682313,-4.267685,-9.130738,-11.8593,-13.108175,-4.8866105,-7.693132,-15.548944,-5.8012686,-14.301504
tokens,62000,-2.0468547,-1.9525027,-3.761244,-1.8132145,-2.7672012,-1.8783398,-2.1314888,-9.841324,2.8818574,-5.2882257,3.2970972,-5.7545047,-4.4342947,2.322355,-6.078461,-3.8810081,3.2371986,-6.6178412,-4.9146376,3.8267941,-6.519328,-8.070389,4.3324857,-3.1182323,-9.81504,-1.2003208,-8.693473
tokens,69000,-2.1982672,-1.9751096,-4.487109,-2.3075984,-2.11925,-2.3775833,-2.5636284,-10.402557,-7.3143654,-5.320127,-6.5616713,3.1059995,-4.1542907,-7.207202,3.7486684,-3.8619068,-5.458276,2.9777467,-5.2690725,-4.0869994,2.5426612,-8.746975,-1.4728923,4.741646,-10.58109,4.0656595,-9.248974
tokens,75000,-2.1855438,-2.8571572,1.4022484,-1.2937317,-1.6446025,-2.0710175,-2.5768485,-8.332766,-4.400791,-5.504928,-5.0409727,-5.0387034,-4.361904,-6.0287194,-5.425145,2.3841686,-4.382332,-6.0602593,5.4870863,-2.8848362,-5.852943,1.1253151,-0.7859206,-2.309022,-1.1462249,-1.1296165,-1.0717882
tokens,80000,-3.9606647,-3.9742002,7.4922705,8.705522,-2.6213076,-3.950951,-3.8106885,-13.568898,-9.555781,-9.838526,-3.6116211,-10.879094,-5.638887,-3.4703815,-4.0306993,-18.951544,-2.1492739,-4.004066,0.4435907,-0.7726768,-3.5912702,5.584274,-0.6477305,-1.0464673,4.052047,-0.7085535,4.8339696
tokens,</s>,0.44220465,-0.7078947,-0.5135216,-0.38204378,0.5771835,-0.2044877,-0.52152324,0.4396169,0.06422052,0.47224703,-0.030951098,0.15723585,-0.34167936,0.1655115,0.5040534,-0.77118397,-0.2599441,0.63910574,-0.4279077,-0.15471204,0.20380244,-0.24360949,-0.32830495,-0.14440598,-0.41013476,-0.22947149,-0.45177507
tokens,<pad>,0.15561631,0.1612033,-0.16408004,-0.52150965,0.380529,0.17309998,-0.4579987,-0.47477198,0.23094313,-0.7813567,0.20708872,-0.38840368,-0.25490826,0.055891275,-0.06047244,-0.15817599,-0.39060822,0.3492046,0.107680425,-0.20453879,-0.10163421,0.059884746,-0.93544173,-0.17469001,-0.35032448,-0.5800936,0.07127661
tokens,<s>,0.27145785,-0.101079285,-0.43366116,-0.3283571,0.17153737,0.36404815,0.37423465,-0.9058668,0.013078282,-0.19339944,-0.16015884,0.073174335,-0.119116634,0.4368676,-0.28264436,1.3791933,-0.12959024,0.36164618,0.3117054,-0.39040098,0.048224315,-0.21275021,-0.56164414,-0.3474785,-0.038476072,-0.1666553,-0.16072474
